{"cameraMode":{"drawMode":0,"name":"Shaded","section":"Shading Mode"},"sceneLighting":true,"audioPlay":false,"sceneViewState":{"m_AlwaysRefresh":false,"showFog":true,"showSkybox":true,"showFlares":true,"showImageEffects":true,"showParticleSystems":true,"showVisualEffectGraphs":true,"m_FxEnabled":true},"in2DMode":false,"pivot":{"x":-17.672771453857423,"y":0.5007889270782471,"z":-14.273033142089844},"rotation":{"x":0.010953007265925408,"y":0.7596031427383423,"z":-0.012750081717967987,"w":0.6502457857131958},"size":4.430322647094727,"orthographic":false}