{"cameraMode":{"drawMode":0,"name":"Shaded","section":"Shading Mode"},"sceneLighting":true,"audioPlay":false,"sceneViewState":{"m_AlwaysRefresh":false,"showFog":true,"showSkybox":true,"showFlares":true,"showImageEffects":true,"showParticleSystems":true,"showVisualEffectGraphs":true,"m_FxEnabled":true},"in2DMode":false,"pivot":{"x":-7.204500198364258,"y":0.21079280972480775,"z":-8.133816719055176},"rotation":{"x":-0.2972395718097687,"y":0.007731330581009388,"z":-0.0024060632567852737,"w":-0.9547712206840515},"size":5.148213863372803,"orthographic":true}